title,company,link
Remote Sr. Frontend Architect (React) - Spekit - High Growth Series B Startup,"Spekit
                        via
Source Coders",https://stackoverflow.com/jobs/566439/remote-sr-frontend-architect-react-spekit-spekit
React Front End Developer,"Daupler, Inc.",https://stackoverflow.com/jobs/523351/react-front-end-developer-daupler-inc
Full Stack Java/React Developer,Portland Webworks,https://stackoverflow.com/jobs/524803/full-stack-java-react-developer-portland-webworks
Full-Stack Javascript Developer (Node.js / React / Next.js),OOZOU,https://stackoverflow.com/jobs/565669/full-stack-javascript-developer-nodejs-react-oozou
Senior React Engineer / Mobile Software Developer (Remote),Branding Brand,https://stackoverflow.com/jobs/546545/senior-react-engineer-mobile-software-developer-branding-brand
Senior Front-End Software Engineer (React),Higher Logic,https://stackoverflow.com/jobs/566338/senior-front-end-software-engineer-react-higher-logic
Frontend React.js Developer (Remote),Soshace LLC,https://stackoverflow.com/jobs/566207/frontend-reactjs-developer-remote-soshace-llc
Senior React Developer - Excel team,Supermetrics Oy,https://stackoverflow.com/jobs/566250/senior-react-developer-excel-team-supermetrics-oy
Typescript/React expert (+3 years),Prezly,https://stackoverflow.com/jobs/546669/typescript-react-expert-plus3-years-prezly
React Software Engineer @ Nozomi Networks,Nozomi Networks,https://stackoverflow.com/jobs/526403/react-software-engineer-nozomi-networks-nozomi-networks
Full Stack Developer (f/m/x) React & Node.js,Cosuno,https://stackoverflow.com/jobs/354357/full-stack-developer-f-m-x-react-nodejs-cosuno
React Developer (Remote),X-Team,https://stackoverflow.com/jobs/534457/react-developer-remote-x-team
Javascript Developer - React or Angular or VueJS,Arcanys,https://stackoverflow.com/jobs/551985/javascript-developer-react-or-angular-or-vuejs-arcanys
Senior React Developer | Contractor | Remote,Copado Strategic Services,https://stackoverflow.com/jobs/545086/senior-react-developer-contractor-remote-copado-strategic-services
Remote Experienced Frontend Engineer - React,"TheoremOne, LLC",https://stackoverflow.com/jobs/562427/remote-experienced-frontend-engineer-react-theoremone-llc
*REMOTE* React.js (Node.js) TypeScript FE/FS Engineer (m/f/x)-Global Marketplace,"AVANTGARDE - ""Creating Fans""",https://stackoverflow.com/jobs/433429/remote-reactjs-nodejs-typescript-fe-fs-avantgarde-creating-fans
Senior Fullstack Engineer (Python/Django/React)- #12 of Top-100 Marketplaces,StyleSeat,https://stackoverflow.com/jobs/561047/senior-fullstack-engineer-python-django-react-styleseat
Principal Full Stack Developer (f/m/x) React & Node.js,Cosuno,https://stackoverflow.com/jobs/522359/principal-full-stack-developer-f-m-x-react-cosuno
Software Engineer II (Ruby on Rails & React),Home Chef,https://stackoverflow.com/jobs/519780/software-engineer-ii-ruby-on-rails-react-home-chef
Senior Software Engineer (Ruby on Rails & React),Home Chef,https://stackoverflow.com/jobs/519747/senior-software-engineer-ruby-on-rails-react-home-chef
React Developer - Are you available for the most recognized sports retailer ?,Pentalog,https://stackoverflow.com/jobs/554216/react-developer-are-you-available-for-the-most-pentalog
Senior Front-end Developer with React.js,Marketer Technologies AS,https://stackoverflow.com/jobs/541502/senior-front-end-developer-with-reactjs-marketer-technologies-as
REMOTE Techlead React (TS) Frontend (m/f/x) - Global Marketplace Solution,"AVANTGARDE - ""Creating Fans""",https://stackoverflow.com/jobs/498049/remote-techlead-react-ts-frontend-m-f-x-avantgarde-creating-fans
